﻿pos_x,pos_y,rotation,side,designator,mpn,pack,value,mount_type,place
150.0,-80.0,0.0,top,J1,,PinHeader_1x06_P2.54mm_Vertical,.100 Header,tht,True
135.1,-75.0,-90.0,top,J2,,JST_PH_B6B-PH-K_1x06_P2.00mm_Vertical,JST PH,tht,True
166.05,-75.0,-90.0,top,J3,,JST_PH_B6B-PH-K_1x06_P2.00mm_Vertical,JST PH,tht,True
160.0,-80.0,-90.0,top,J4,,JST_SH_BM06B-SRSS-TB_1x06-1MP_P1.00mm_Vertical,JST SH,smt,True
140.0,-80.0,-90.0,top,J5,,JST_SH_BM06B-SRSS-TB_1x06-1MP_P1.00mm_Vertical,JST SH,smt,True
128.8,-73.75,-90.0,top,J6,,JST_XH_B6B-XH-AM_1x06_P2.50mm_Vertical,JST XH,tht,True
172.325,-73.75,-90.0,top,J7,,JST_XH_B6B-XH-AM_1x06_P2.50mm_Vertical,JST XH,tht,True
